{
    "last_epoch": 100, 
    "total_loss": [0.027437733030319215, 0.01794372353434563, 0.016724904026389122, 0.016171480257213117, 0.0158571592015028, 0.011927078534960747, 0.011732331649959087, 0.011648001425564289, 0.011599266339540481, 0.011525734668374062, 0.011470161501467228, 0.011472380431592464, 0.011427680875360965, 0.01142164548009634, 0.01138808642089367, 0.01138100363612175, 0.011339062765836716, 0.011324181279540062, 0.011301321294307708, 0.011321483190655708, 0.011280820530354977, 0.011262429964840412, 0.011252726443707943, 0.011275512225925922, 0.01126458815395832, 0.01124460476309061, 0.01125292596668005, 0.011243062360286714, 0.011232171223461629, 0.011278323337435722, 0.011234064373970032, 0.01121650376468897, 0.01121617559105158, 0.011224419082701206, 0.011236384378075599, 0.01123231617450714, 0.011217656156420707, 0.011212664495706558, 0.011214680643379688, 0.011206401623785495, 0.011210463784337044, 0.011210753531754016, 0.01121447535187006, 0.011211353879570961, 0.011205691115558147, 0.011199318016469478, 0.011202203333675862, 0.011200099252164364, 0.011200948832333088, 0.011112172549664975, 0.011103396872580051, 0.01110275131881237, 0.011105039288699627, 0.011107790397703647, 0.01110656664699316, 0.011112077373564243, 0.011114466867744923, 0.011117155466377735, 0.011116733489632607, 0.011120938898324967, 0.011124287505447864, 0.01112519633859396, 0.011128113969266414, 0.011129147478342056, 0.01113275953769684, 0.011137267478704452, 0.011140037533938885, 0.011141905787289142, 0.011143656125962735, 0.011148305550813675, 0.01114976154267788, 0.011153531958460808, 0.011156545646190643, 0.011159181510210038, 0.011162535200417042, 0.011163758989572526, 0.01338513669937849, 0.013374084945619107, 0.013386081120073796, 0.013395456011295319, 0.01340804171770811, 0.01342251924008131, 0.013435192698538304, 0.01345503308057785, 0.013468366805911064, 0.013485684452652932, 0.01350321567684412, 0.0135207533082366, 0.013536843290627003, 0.01355210131853819, 0.013575072489380837, 0.013594951620101929, 0.013609209051132201, 0.013622390025258065, 0.013643293931186198, 0.013660241979658604, 0.01367289495497942, 0.013697675410807133, 0.013715630837976932, 0.013734584866166116], 
    "recon_loss": [0.01863127365231514, 0.013279306252896786, 0.012567409233152867, 0.012223659752011298, 0.012002573821842671, 0.01098304574996233, 0.010796483045220375, 0.010708450542092324, 0.01065656091928482, 0.010580759150087833, 0.010519954102039337, 0.010510859296321869, 0.010462997567653657, 0.010443630338907241, 0.010413284602463246, 0.010396800058484078, 0.010354155871272088, 0.010334204911291599, 0.010307426855266094, 0.010307337615787983, 0.010279008822739124, 0.010257292393147946, 0.010242722038924694, 0.010258567354381085, 0.01024656052649021, 0.010223108817636967, 0.010225826975703239, 0.010213731567561626, 0.010201375683546066, 0.0102373802369833, 0.010198439874351024, 0.010177497808337212, 0.010173144854307174, 0.010178603037595749, 0.010187000809013844, 0.010178401582539081, 0.010165485151410103, 0.010158203572630883, 0.010157180754840374, 0.010146674904227257, 0.01014777130395174, 0.010145105709135533, 0.010144986563026905, 0.010140154965221882, 0.010132180562615395, 0.010123428440988064, 0.010124758639335632, 0.010120682429075241, 0.010118387824296951, 0.010033982695937157, 0.01002208485931158, 0.01001832598477602, 0.010017126678228377, 0.01001564116537571, 0.010012088570296764, 0.010013261254131794, 0.010012809112370014, 0.01001311249345541, 0.010009864535033703, 0.01001034663617611, 0.01001055080741644, 0.010009472247064114, 0.010010157890021801, 0.010008457597196102, 0.010009039570689202, 0.010009719154536724, 0.010009608278274537, 0.010008971165120601, 0.010007590488493442, 0.010008576365411281, 0.010008703350126743, 0.010009362531304359, 0.0100095222479105, 0.010009974890947342, 0.010011035861372948, 0.010010514352619649, 0.010333902276158333, 0.01036531931310892, 0.010379607298374177, 0.010387398443818092, 0.01039725893676281, 0.010399659245312214, 0.010401994083821774, 0.010410956708490848, 0.01041512669712305, 0.010417770451009273, 0.010423024524748326, 0.010426900415420532, 0.010428689008057117, 0.010428726275265216, 0.01043236545830965, 0.010439403365552425, 0.010444521090686321, 0.010445294895470142, 0.010449072047472, 0.010453539064824581, 0.01045180110156536, 0.01045819995522499, 0.01045944205969572, 0.010466315864324569], 
    "codebook_loss": [0.0007636310780467465, 0.0002365322244958952, 0.0003552582579711452, 0.0004261676650401205, 0.0004704020215105265, 0.00029040825339965524, 0.0002786820757901296, 0.00027579007952008397, 0.0002708327254233882, 0.0002675088580790907, 0.0002675230998871848, 0.0002710695782676339, 0.0002707866660365835, 0.0002797465646453202, 0.000273622039523907, 0.00028078873714897784, 0.0002812711478304118, 0.00028488222827669234, 0.00028773072265088557, 0.00030458770742639897, 0.00029129214480519297, 0.00029303397066891195, 0.0002954474498424679, 0.0002980323185957968, 0.00029732432157732544, 0.00029974335273727775, 0.0003019913133792579, 0.0003021468316577375, 0.0003028691102657467, 0.00030620017014443876, 0.0003027964524459094, 0.00030639054109342394, 0.00030862810391001403, 0.00030818237758241596, 0.000308215970620513, 0.0003108401997108012, 0.0003083128912653774, 0.0003085545430891216, 0.000308918371507898, 0.0003095516859181225, 0.0003093624533992261, 0.000310146213369444, 0.0003115830674208701, 0.00031095024625770747, 0.0003109239370562136, 0.00031158386402763426, 0.00031047833234071733, 0.0003105391433555633, 0.0003113565203081816, 0.0003132149843219668, 0.00031469943766482175, 0.0003163812045007944, 0.00031721427626907827, 0.00031863188095390796, 0.00031899980350397526, 0.0003197923996578902, 0.00032063204635865986, 0.00032065247302874925, 0.00032115846617147327, 0.0003226370938308537, 0.00032279292142018675, 0.00032245817190036175, 0.000321982207018882, 0.0003222209410648793, 0.0003230611682031304, 0.0003241039458848536, 0.00032481558702886107, 0.00032486366228200495, 0.00032482631714083254, 0.00032580703461542723, 0.00032562114723026753, 0.00032571033483371137, 0.0003264470363687724, 0.0003265793472155929, 0.00032684222906827925, 0.00032639019665308295, 0.00040968343088403346, 0.00043101829879917206, 0.00043860775841400026, 0.0004420800982043147, 0.0004446141549851745, 0.00044704302782192824, 0.00044990486291237176, 0.0004513264518231154, 0.00045267819453030824, 0.00045406491622328757, 0.0004559798813145608, 0.0004576948311179876, 0.00046036651661619544, 0.00046189589731395245, 0.0004644239455927163, 0.00046611198947764935, 0.0004662001525517553, 0.0004676973976381123, 0.00046909444886259735, 0.00046891034272499385, 0.0004706615555845201, 0.0004729880645498633, 0.00047440883073955777, 0.00047597102406434714],